{"cameraMode":{"drawMode":0,"name":"Shaded","section":"Shading Mode"},"sceneLighting":false,"audioPlay":false,"sceneViewState":{"showFog":true,"showMaterialUpdate":false,"showSkybox":false,"showFlares":true,"showImageEffects":true,"showParticleSystems":true},"in2DMode":false,"pivot":{"x":-0.0018796920776367188,"y":1.3516910076141358,"z":0.0},"rotation":{"x":-0.07053262740373612,"y":0.8252987265586853,"z":-0.10579931735992432,"w":-0.5501959919929504},"size":2.1029014587402345,"orthographic":false}