{"cameraMode":{"drawMode":0,"name":"Shaded","section":"Shading Mode"},"sceneLighting":true,"audioPlay":false,"sceneViewState":{"showFog":true,"showMaterialUpdate":false,"showSkybox":true,"showFlares":true,"showImageEffects":true,"showParticleSystems":true},"in2DMode":false,"pivot":{"x":0.44208359718322756,"y":-0.6044086813926697,"z":0.9292360544204712},"rotation":{"x":-0.07053262740373612,"y":0.8252987265586853,"z":-0.10579931735992432,"w":-0.5501959919929504},"size":2.1029014587402345,"orthographic":false}