{"cameraMode":{"drawMode":0,"name":"Shaded","section":"Shading Mode"},"sceneLighting":true,"audioPlay":false,"sceneViewState":{"showFog":true,"showMaterialUpdate":false,"showSkybox":true,"showFlares":true,"showImageEffects":true,"showParticleSystems":true},"in2DMode":false,"pivot":{"x":0.10451093316078186,"y":1.0803921222686768,"z":0.032131701707839969},"rotation":{"x":0.08425944298505783,"y":-0.42499542236328127,"z":0.039774514734745029,"w":0.9003978967666626},"size":3.5752549171447756,"orthographic":false}