{"cameraMode":{"drawMode":0,"name":"Shaded","section":"Shading Mode"},"sceneLighting":false,"audioPlay":false,"sceneViewState":{"showFog":true,"showMaterialUpdate":false,"showSkybox":false,"showFlares":true,"showImageEffects":true,"showParticleSystems":true},"in2DMode":false,"pivot":{"x":-0.17999958992004395,"y":2.0,"z":-2.1199982166290285},"rotation":{"x":0.1948069930076599,"y":0.6735188364982605,"z":-0.19098347425460816,"w":0.6869913935661316},"size":1.2247449159622193,"orthographic":false}